id,selected,latitude,longitude,date,cacl2,smp,k,ca,p,al,mg
4633,,-26.0994288,-50.777607, 2019-07-31 12:01 ,4.64,5.29,0.59,0,37.03,,
464,true,-26.099415,-50.7770042, 2019-07-31 13:02 ,5.12,6.24,0.76,3.95,13.22,0,1.16
463,true,-26.0994288,-50.777607, 2019-07-31 12:01 ,4.39,5.86,0.28,3.14,7.83,0.7,1.19
462,,-26.0999087,-50.7775837, 2019-07-31 11:59 ,6.16,6.74,0.57,0,25.74,,
461,,-26.099873,-50.7781511, 2019-07-31 11:56 ,5.48,6.11,0.59,0,10.54,,
460,,-26.0999044,-50.7787224, 2019-07-31 11:53 ,6.11,6.41,0.77,0,3.39,,
459,,-26.0983977,-50.7781509, 2019-07-31 11:48 ,6.26,6.69,0.67,0,10.39,,
458,,-26.0968445,-50.7758478, 2019-07-31 11:38 ,5.99,6.64,0.65,0,26.87,,
457,,-26.0968462,-50.776447, 2019-07-31 11:35,5.73,6.47,0.41,0,7.38,,
456,,-26.0973108,-50.7770356, 2019-07-31 11:32,5.59,5.98,0.59,0,11.44,,
455,,-26.0978466,-50.7775462, 2019-07-31 11:29 ,0,0,0,0,0,,
454,,-26.0978749,-50.7781738, 2019-07-31 11:26 ,6.42,6.85,0.52,0,7.45,,
453,,-26.0983666,-50.7787098, 2019-07-31 11:22 ,6,6.51,0.85,0,5.72,,
452,,-26.0988859,-50.7781416, 2019-07-31 11:16 ,5.42,5.97,0.49,0,15.35,,
451,,-26.0988859,-50.7781416, 2019-07-31 11:16 ,5.23,5.7,0.54,0,5.5,,
450,true,-26.0993953,-50.7781489, 2019-07-31 11:12 ,4.89,6.05,0.45,3.66,3.62,0.2,1.32
449,,-26.0988865,-50.7776146, 2019-07-31 11:07 ,5.84,6.47,0.46,0,4.07,,
448,,-26.0983446,-50.7775723, 2019-07-31 11:04 ,5.26,5.99,0.52,0,3.54,,
447,,-26.0978752,-50.7770106, 2019-07-31 11:00 ,5.99,6.47,0.59,0,4.07,,
446,,-26.0967781,-50.7752948, 2019-07-31 10:51 ,6.09,6.02,0.52,0,8.21,,
445,,-26.0967781,-50.7752948, 2019-07-31 10:51 ,5.53,6.28,0.46,0,10.61,,
444,,-26.096815,-50.7747474, 2019-07-31 10:45 ,5.1,5.5,0.28,0,9.64,,
443,,-26.0973411,-50.7758319, 2019-07-31 10:40 ,6.18,6.77,0.57,0,7.75,,
442,,-26.0978578,-50.776418, 2019-07-31 10:37 ,6.34,6.8,0.52,0,7.53,,
441,,-26.0984004,-50.7770082, 2019-07-31 10:33 ,6.09,6.57,0.54,0,13.17,,
440,,-26.0988775,-50.7770229, 2019-07-31 10:29 ,6.77,7.08,1.01,0,25.44,,
436,,-26.0989036,-50.7758391, 2019-07-30 17:23 ,5.45,6.23,0.31,0,17.54,,
435,true,-26.0983614,-50.7758913,  2019-07-30 17:19 ,5.37,6.51,0.67,3.78,15.63,0,1.34
434,true,-26.0978613,-50.7752769, 2019-07-30 17:14  ,5.13,3.62,0.58,6.36,7.94,0,1.42
433,true,-26.0973402,-50.7747483, 2019-07-30 17:10 ,5.01,6.28,0.51,4.16,6.49,0,1.22
432,,-26.0973376,-50.7741492, 2019-07-30 17:06 ,6,6.6,0.7,0,10.09,,
431,,-26.0978827,-50.7747015, 2019-07-30 17:03 ,5.94,6.49,0.72,0,19.27,,
430,,-26.0983281,-50.7753036, 2019-07-30 16:58 ,5.51,6.21,0.41,0,31.61,,
429,,-26.0988943,-50.7752892, 2019-07-30 16:53 ,5.51,6.41,0.31,0,47.94,,
428,,-26.0988381,-50.7747073, 2019-07-30 16:49 ,5.59,6.35,0.36,0,32.14,,
427,,-26.0983733,-50.7747152, 2019-07-30 16:46 ,5.58,6.26,0.59,0,24.69,,
426,,-26.0978398,-50.7741135, 2019-07-30 16:43 ,5.6,6.25,0.57,0,11.74,,
425,,-26.0967877,-50.7735211, 2019-07-30 16:37 ,6.11,6.43,0.83,0,47.94,,
424,,-26.0968245,-50.7741157, 2019-07-30 16:34 ,6.4,6.75,0.49,0,20.77,,
423,,-26.0973549,-50.7752733, 2019-07-30 16:29 ,5.79,6.56,0.46,0,22.13,,
422,,-26.0978806,-50.7758769, 2019-07-30 16:25 ,6.2,6.85,0.46,0,27.32,,
421,,-26.0983418,-50.7764313, 2019-07-30 16:20 ,5.45,6.39,0.36,0,17.09,,
415,true,-26.0978345,-50.773559, 2019-07-30 16:00 ,4.94,6.08,0.52,3.22,7.84,0,1.37
414,,-26.0989067,-50.7741377, 2019-07-30 15:55,5.78,6.39,0.57,0,30.18,,
413,,-26.098373,-50.7735557, 2019-07-30 15:47 ,5.48,6.11,0.62,0,16.78,,
413,,-26.098843,-50.7735445, 2019-07-30 15:51 ,5.47,5.96,0.54,0,8.96,,
412,,-26.0983722,-50.7729936, 2019-07-30 15:42,5.28,5.73,0.8,0,13.1,,
411,,-26.0978394,-50.7729753, 2019-07-30 15:38 ,6.2,6.53,0.77,0,31.84,,
410,,-26.0978501,-50.7724085, 2019-07-30 15:34,5.56,5.97,0.59,0,10.76,,
409,,-26.0973548,-50.7723844, 2019-07-30 15:30 ,5.87,5.94,0.8,0,27.7,,
408,true,-26.0972976,-50.7729861,  2019-07-30 15:26 ,5.3,6.31,0.54,4.02,11.93,0,1.45
407,,-26.0968212,-50.7730336, 2019-07-30 15:21 ,6.35,6.6,0.72,0,37.93,,
406,,-26.0968235,-50.7718119, 2019-07-30 15:15 ,5.83,6.06,0.67,0,22.35,,
405,,-26.0973409,-50.7717922, 2019-07-30 15:10 ,5.79,6.11,0.44,0,12.12,,
404,true,-26.0968489,-50.7723838, 2019-07-30 15:04 ,5.78,6.75,0.65,3.93,8.43,0,1.44
403,,-26.0962718,-50.7718288, 2019-07-30 14:59  ,5.74,5.9,0.93,0,19.72,,
402,,-26.0962854,-50.7724244, 2019-07-30 14:55,6.29,6.47,0.7,0,33.27,,
401,,-26.096319,-50.7729527, 2019-07-30 14:52 ,0,0,0,0,0,,

